subject,count,link
"history",738,"https://dss.ncf.edu/specialformats/browse.html#history"
"slides (photography)",685,"https://dss.ncf.edu/specialformats/browse.html#slides%20(photography)"
"college students and faculty",188,"https://dss.ncf.edu/specialformats/browse.html#college%20students%20and%20faculty"
"west campus",150,"https://dss.ncf.edu/specialformats/browse.html#west%20campus"
"miscellaneous photographs",139,"https://dss.ncf.edu/specialformats/browse.html#miscellaneous%20photographs"
"east campus",111,"https://dss.ncf.edu/specialformats/browse.html#east%20campus"
"office of admissions",104,"https://dss.ncf.edu/specialformats/browse.html#office%20of%20admissions"
"photographs",55,"https://dss.ncf.edu/specialformats/browse.html#photographs"
"viewbooks",37,"https://dss.ncf.edu/specialformats/browse.html#viewbooks"
"special events",18,"https://dss.ncf.edu/specialformats/browse.html#special%20events"
"negatives (photography)",3,"https://dss.ncf.edu/specialformats/browse.html#negatives%20(photography)"
"i. m. pei",2,"https://dss.ncf.edu/specialformats/browse.html#i.%20m.%20pei"
"history -- university of south florida (sarasota, fla.)",2,"https://dss.ncf.edu/specialformats/browse.html#history%20--%20university%20of%20south%20florida%20(sarasota,%20fla.)"
"negatives (photography) -- university of south florida (sarasota, fla.)",2,"https://dss.ncf.edu/specialformats/browse.html#negatives%20(photography)%20--%20university%20of%20south%20florida%20(sarasota,%20fla.)"
"special events -- university of south florida (sarasota, fla.)",2,"https://dss.ncf.edu/specialformats/browse.html#special%20events%20--%20university%20of%20south%20florida%20(sarasota,%20fla.)"
"photographs -- (sarasota, fla.)",1,"https://dss.ncf.edu/specialformats/browse.html#photographs%20--%20(sarasota,%20fla.)"
